ibge,municipio,uf,tipo,url,sistema,verificado_em
1100205,Porto Velho,RO,camara,https://www.portovelho.ro.leg.br/,,2026-10-08
1302603,Manaus,AM,camara,https://www.cmm.am.gov.br/,,2026-10-08
1501402,Belém,PA,prefeitura,https://prefeitura.belem.pa.gov.br/,,2026-10-08
1600303,Macapá,AP,camara,https://www.macapa.ap.leg.br/,,2026-10-08
2111300,São Luís,MA,prefeitura,https://www.saoluis.ma.gov.br/,,2026-10-08
2111300,São Luís,MA,camara,https://www.cmsaoluis.ma.gov.br/,,2026-10-08
2211001,Teresina,PI,prefeitura,https://www.teresina.pi.gov.br/,,2026-10-08
2304400,Fortaleza,CE,camara,https://www.cmfor.ce.gov.br/,,2026-10-08
2408102,Natal,RN,prefeitura,https://www.natal.rn.gov.br/,,2026-10-08
2507507,João Pessoa,PB,prefeitura,https://www.joaopessoa.pb.gov.br/,,2026-10-08
2611606,Recife,PE,camara,https://www.recife.pe.leg.br/,,2026-10-08
3106200,Belo Horizonte,MG,prefeitura,https://prefeitura.pbh.gov.br/,,2026-10-08
3106200,Belo Horizonte,MG,camara,https://www.cmbh.mg.gov.br/,,2026-10-08
3205309,Vitória,ES,camara,https://www.cmv.es.gov.br/,,2026-10-08
3304557,Rio de Janeiro,RJ,prefeitura,https://prefeitura.rio/,,2026-10-08
3304557,Rio de Janeiro,RJ,camara,https://www.camara.rio/,,2026-10-08
3550308,São Paulo,SP,prefeitura,https://prefeitura.sp.gov.br/,,2026-10-08
3550308,São Paulo,SP,transparencia_prefeitura,https://transparencia.prefeitura.sp.gov.br/,,2026-10-08
4106902,Curitiba,PR,prefeitura,https://www.curitiba.pr.gov.br/,,2026-10-08
4106902,Curitiba,PR,camara,https://www.cmc.pr.gov.br/,,2026-10-08
4205407,Florianópolis,SC,prefeitura,https://www.pmf.sc.gov.br/,,2026-10-08
4205407,Florianópolis,SC,camara,https://www.cmf.sc.gov.br/,,2026-10-08
4314902,Porto Alegre,RS,prefeitura,https://prefeitura.poa.br/,,2026-10-08
4314902,Porto Alegre,RS,camara,https://www.camarapoa.rs.gov.br/,,2026-10-08
5002704,Campo Grande,MS,camara,https://www.camara.ms.gov.br/,,2026-10-08
5103403,Cuiabá,MT,camara,https://www.camaracuiaba.mt.gov.br/,,2026-10-08
4202404,Blumenau,SC,camara,https://www.cmb.sc.gov.br/,,2026-10-08
4301909,Barra do Ribeiro,RS,sistema_legislativo,https://cmbarradoribeiro.cittatec.com.br/portal-legislativo/vereadores,cittatec,2026-10-09
4307005,Erechim,RS,sistema_legislativo,https://cmerechim.cittatec.com.br/portal-legislativo/vereadores,cittatec,2026-10-09
5215900,Palminópolis,GO,sistema_legislativo,https://cmpalminopolis.cittatec.com.br/portal-legislativo/vereadores,cittatec,2026-10-09
4314407,Pelotas,RS,sistema_legislativo,https://cmpelotas.cittatec.com.br/portal-legislativo/vereadores,cittatec,2026-10-09
4318002,São Borja,RS,sistema_legislativo,https://cmsaoborja.cittatec.com.br/portal-legislativo/vereadores,cittatec,2026-10-09
4316105,Ronda Alta,RS,sistema_legislativo,https://cmrondaalta.cittatec.com.br/portal-legislativo/vereadores,cittatec,2026-10-09
1600105,Amapá,AP,sistema_legislativo,https://amapa.ap.leg.br/vereadores,portal_php,2026-10-09
1600238,Ferreira Gomes,AP,sistema_legislativo,https://ferreiragomes.ap.leg.br/vereadores,portal_php,2026-10-09
1600709,Tartarugalzinho,AP,sistema_legislativo,https://tartarugalzinho.ap.leg.br/vereadores,portal_php,2026-10-09
2304459,Fortim,CE,sistema_legislativo,https://fortim.ce.leg.br/vereadores,portal_php,2026-10-09
2311009,Poranga,CE,sistema_legislativo,https://poranga.ce.leg.br/vereadores,portal_php,2026-10-09
1300631,Beruri,AM,sistema_legislativo,https://www.portalcr2.com.br/entidade/cm-beruri,cr2,2026-10-09
3132503,Itamarandiba,MG,sistema_legislativo,https://www.portalcr2.com.br/entidade/cm-itamarandiba,cr2,2026-10-09
1501501,Benevides,PA,sistema_legislativo,https://www.portalcr2.com.br/entidade/cm-benevides,cr2,2026-10-09
1507607,São Miguel do Guamá,PA,sistema_legislativo,https://www.portalcr2.com.br/entidade/cm-sao-miguel-do-guama,cr2,2026-10-09
5217302,Pirenópolis,GO,sistema_legislativo,https://pirenopolis.go.leg.br/,nucleogov,2026-10-10
5204904,Campos Belos,GO,sistema_legislativo,https://www.camposbelos.go.leg.br/,nucleogov,2026-10-10
1703867,Cariri do Tocantins,TO,sistema_legislativo,https://www.cariridotocantins.to.leg.br/,nucleogov,2026-10-10
1707652,Figueirópolis,TO,sistema_legislativo,https://figueiropolis.to.leg.br/,nucleogov,2026-10-10
1718899,Santa Rita do Tocantins,TO,sistema_legislativo,https://www.santaritadotocantins.to.leg.br/,nucleogov,2026-10-10
4207403,Imbuia,SC,sistema_legislativo,https://www.imbuia.sc.leg.br/,portal_modelo,2026-10-10
2209351,Santana do Piauí,PI,sistema_legislativo,https://www.santanadopiaui.pi.leg.br,portal_modelo,2026-10-10
2208650,Queimada Nova,PI,sistema_legislativo,https://queimadanova.pi.leg.br/,aos,2026-10-10
