tipo,casa,endereco,motivo,caminho,situacao
assembleia,RR,https://sapl.al.rr.leg.br/,403 a IPs de fora do Brasil,rodar do acervo local (Brasil),resolvido no acervo
assembleia,MT,https://sapl.al.mt.leg.br/,SAPL parado em 2018,descobrir o sistema atual da ALMT,pendente
assembleia,AM,https://sapl.al.am.leg.br/,503 numa paginação longa,novas tentativas e leitura só do período,conferir na próxima carga
assembleia,MG/SP,,votos e presença em Plenário fora dos dados abertos,pedido pela LAI,pedido a enviar
camara,Porto Velho (RO),https://sapl.portovelho.ro.leg.br/,tempo esgotado a partir do GitHub,rodar do acervo local (responde do Brasil),resolvido no acervo
camara,Armação dos Búzios (RJ),https://sapl.armacaodosbuzios.rj.leg.br/,tempo esgotado a partir do GitHub,rodar do acervo local (responde do Brasil),resolvido no acervo
camara,Jataí (GO),https://www.jatai.go.leg.br/,rota de partidos exige senha (401),entra sem a sigla do partido,resolvido
camara,União de Minas (MG),https://sapl.uniaodeminas.mg.leg.br/,autorias com erro 500,entra sem projetos,resolvido parcialmente
camara,Três Barras do Paraná (PR),https://sapl.tresbarrasdoparana.pr.leg.br/,sem a rota de autores (404),entra sem projetos,resolvido parcialmente
federal,Câmara dos Deputados,,justificativa de ausência não publicada,pedido pela LAI,pedido a enviar
federal,STF,https://portal.stf.jus.br/,403 a acesso automático,pedido de acesso e LAI (docs/pedidos),pedido a enviar
federal,STJ,https://processo.stj.jus.br/,403 a acesso automático; dados abertos com 504,LAI (docs/pedidos),pedido a enviar
federal,Receita Federal (CNPJ),https://arquivos.receitafederal.gov.br/,endereço do arquivo de sócios mudou (Nextcloud com link de compartilhamento),achar o link oficial num navegador,pendente
municipios,910 cidades,,nenhum canal oficial achado na varredura,segunda varredura com outras variações de domínio,pendente
camara,sapl.alvorada.to.leg.br,https://sapl.alvorada.to.leg.br/,SAPL parado na legislatura 2021–2024 (câmara trocou de sistema),sistema visto na página da câmara em 09/10/2026: portal próprio no .leg.br (sistema não identificado),pendente
camara,sapl.amapa.ap.leg.br,https://sapl.amapa.ap.leg.br/,SAPL parado na legislatura 2021–2024 (câmara trocou de sistema),sistema visto na página da câmara em 09/10/2026: portal próprio no .leg.br (sistema não identificado),pendente
camara,sapl.aracruz.es.leg.br,https://sapl.aracruz.es.leg.br/,SAPL parado na legislatura 2021–2024 (câmara trocou de sistema),sistema visto na página da câmara em 09/10/2026: leis municipais,pendente
camara,sapl.bambui.mg.leg.br,https://sapl.bambui.mg.leg.br/,SAPL parado na legislatura 2021–2024 (câmara trocou de sistema),sistema visto na página da câmara em 09/10/2026: portal próprio no .leg.br (sistema não identificado),pendente
camara,sapl.barradoribeiro.rs.leg.br,https://sapl.barradoribeiro.rs.leg.br/,SAPL parado na legislatura 2021–2024 (câmara trocou de sistema),sistema visto na página da câmara em 09/10/2026: Cittatec (plataforma com login),pendente
camara,sapl.benevides.pa.leg.br,https://sapl.benevides.pa.leg.br/,SAPL parado na legislatura 2021–2024 (câmara trocou de sistema),sistema visto na página da câmara em 09/10/2026: portal próprio no .leg.br (sistema não identificado),pendente
camara,sapl.beruri.am.leg.br,https://sapl.beruri.am.leg.br/,SAPL parado na legislatura 2021–2024 (câmara trocou de sistema),sistema visto na página da câmara em 09/10/2026: CR2 (portal),pendente
camara,sapl.bocainadosul.sc.leg.br,https://sapl.bocainadosul.sc.leg.br/,SAPL parado na legislatura 2021–2024 (câmara trocou de sistema),sistema visto na página da câmara em 09/10/2026: portal próprio no .leg.br (sistema não identificado),pendente
camara,sapl.cachoeirodeitapemirim.es.leg.br,https://sapl.cachoeirodeitapemirim.es.leg.br/,SAPL parado na legislatura 2021–2024 (câmara trocou de sistema),sistema visto na página da câmara em 09/10/2026: portal próprio no .leg.br (sistema não identificado),pendente
camara,sapl.camponovoderondonia.ro.leg.br,https://sapl.camponovoderondonia.ro.leg.br/,SAPL parado na legislatura 2021–2024 (câmara trocou de sistema),sistema visto na página da câmara em 09/10/2026: leis municipais,pendente
camara,sapl.camposbelos.go.leg.br,https://sapl.camposbelos.go.leg.br/,SAPL parado na legislatura 2021–2024 (câmara trocou de sistema),sistema visto na página da câmara em 09/10/2026: portal próprio no .leg.br (sistema não identificado),pendente
camara,sapl.cariridotocantins.to.leg.br,https://sapl.cariridotocantins.to.leg.br/,SAPL parado na legislatura 2021–2024 (câmara trocou de sistema),sistema visto na página da câmara em 09/10/2026: a página ainda cita o SAPL (conferir se há outro endereço),pendente
camara,sapl.carolina.ma.leg.br,https://sapl.carolina.ma.leg.br/,SAPL parado na legislatura 2021–2024 (câmara trocou de sistema),sistema visto na página da câmara em 09/10/2026: portal próprio no .leg.br (sistema não identificado),pendente
camara,sapl.cerrito.rs.leg.br,https://sapl.cerrito.rs.leg.br/,SAPL parado na legislatura 2021–2024 (câmara trocou de sistema),sistema visto na página da câmara em 09/10/2026: sino,pendente
camara,sapl.duquebacelar.ma.leg.br,https://sapl.duquebacelar.ma.leg.br/,SAPL parado na legislatura 2021–2024 (câmara trocou de sistema),sistema visto na página da câmara em 09/10/2026: portal próprio no .leg.br (sistema não identificado),pendente
camara,sapl.erechim.rs.leg.br,https://sapl.erechim.rs.leg.br/,SAPL parado na legislatura 2021–2024 (câmara trocou de sistema),sistema visto na página da câmara em 09/10/2026: Cittatec (plataforma com login),pendente
camara,sapl.espiritosantodoturvo.sp.leg.br,https://sapl.espiritosantodoturvo.sp.leg.br/,SAPL parado na legislatura 2021–2024 (câmara trocou de sistema),sistema visto na página da câmara em 09/10/2026: portal próprio no .leg.br (sistema não identificado),pendente
camara,sapl.estiva.mg.leg.br,https://sapl.estiva.mg.leg.br/,SAPL parado na legislatura 2021–2024 (câmara trocou de sistema),sistema visto na página da câmara em 09/10/2026: a página ainda cita o SAPL (conferir se há outro endereço),pendente
camara,sapl.ferreiragomes.ap.leg.br,https://sapl.ferreiragomes.ap.leg.br/,SAPL parado na legislatura 2021–2024 (câmara trocou de sistema),sistema visto na página da câmara em 09/10/2026: portal próprio no .leg.br (sistema não identificado),pendente
camara,sapl.figueiropolis.to.leg.br,https://sapl.figueiropolis.to.leg.br/,SAPL parado na legislatura 2021–2024 (câmara trocou de sistema),sistema visto na página da câmara em 09/10/2026: portal próprio no .leg.br (sistema não identificado),pendente
camara,sapl.fortim.ce.leg.br,https://sapl.fortim.ce.leg.br/,SAPL parado na legislatura 2021–2024 (câmara trocou de sistema),sistema visto na página da câmara em 09/10/2026: a página ainda cita o SAPL (conferir se há outro endereço),pendente
camara,sapl.frutal.mg.leg.br,https://sapl.frutal.mg.leg.br/,SAPL parado na legislatura 2021–2024 (câmara trocou de sistema),sistema visto na página da câmara em 09/10/2026: Siscam,pendente
camara,sapl.garopaba.sc.leg.br,https://sapl.garopaba.sc.leg.br/,SAPL parado na legislatura 2021–2024 (câmara trocou de sistema),sistema visto na página da câmara em 09/10/2026: ipm (atende.net),pendente
camara,sapl.gravatal.sc.leg.br,https://sapl.gravatal.sc.leg.br/,SAPL parado na legislatura 2021–2024 (câmara trocou de sistema),sistema visto na página da câmara em 09/10/2026: portal próprio no .leg.br (sistema não identificado),pendente
camara,sapl.ibotirama.ba.leg.br,https://sapl.ibotirama.ba.leg.br/,SAPL parado na legislatura 2021–2024 (câmara trocou de sistema),sistema visto na página da câmara em 09/10/2026: a página ainda cita o SAPL (conferir se há outro endereço),pendente
camara,sapl.imbuia.sc.leg.br,https://sapl.imbuia.sc.leg.br/,SAPL parado na legislatura 2021–2024 (câmara trocou de sistema),sistema visto na página da câmara em 09/10/2026: betha,pendente
camara,sapl.ipueiras.ce.leg.br,https://sapl.ipueiras.ce.leg.br/,SAPL parado na legislatura 2021–2024 (câmara trocou de sistema),sistema visto na página da câmara em 09/10/2026: portal próprio no .leg.br (sistema não identificado),pendente
camara,sapl.iraucuba.ce.leg.br,https://sapl.iraucuba.ce.leg.br/,SAPL parado na legislatura 2021–2024 (câmara trocou de sistema),sistema visto na página da câmara em 09/10/2026: portal próprio no .leg.br (sistema não identificado),pendente
camara,sapl.itamarandiba.mg.leg.br,https://sapl.itamarandiba.mg.leg.br/,SAPL parado na legislatura 2021–2024 (câmara trocou de sistema),sistema visto na página da câmara em 09/10/2026: CR2 (portal),pendente
camara,sapl.itatuba.pb.leg.br,https://sapl.itatuba.pb.leg.br/,SAPL parado na legislatura 2021–2024 (câmara trocou de sistema),sistema visto na página da câmara em 09/10/2026: a página ainda cita o SAPL (conferir se há outro endereço),pendente
camara,sapl.leopolis.pr.leg.br,https://sapl.leopolis.pr.leg.br/,SAPL parado na legislatura 2021–2024 (câmara trocou de sistema),sistema visto na página da câmara em 09/10/2026: Ingá Digital,pendente
camara,sapl.manoelvitorino.ba.leg.br,https://sapl.manoelvitorino.ba.leg.br/,SAPL parado na legislatura 2021–2024 (câmara trocou de sistema),sistema visto na página da câmara em 09/10/2026: a página ainda cita o SAPL (conferir se há outro endereço),pendente
camara,sapl.moradanova.ce.leg.br,https://sapl.moradanova.ce.leg.br/,SAPL parado na legislatura 2021–2024 (câmara trocou de sistema),sistema visto na página da câmara em 09/10/2026: portal próprio no .leg.br (sistema não identificado),pendente
camara,sapl.nortelandia.mt.leg.br,https://sapl.nortelandia.mt.leg.br/,SAPL parado na legislatura 2021–2024 (câmara trocou de sistema),sistema visto na página da câmara em 09/10/2026: portal próprio no .leg.br (sistema não identificado),pendente
camara,sapl.olindanovadomaranhao.ma.leg.br,https://sapl.olindanovadomaranhao.ma.leg.br/,SAPL parado na legislatura 2021–2024 (câmara trocou de sistema),sistema visto na página da câmara em 09/10/2026: portal próprio no .leg.br (sistema não identificado),pendente
camara,sapl.ourinhos.sp.leg.br,https://sapl.ourinhos.sp.leg.br/,SAPL parado na legislatura 2021–2024 (câmara trocou de sistema),sistema visto na página da câmara em 09/10/2026: portal próprio no .leg.br (sistema não identificado),pendente
camara,sapl.palmas.to.leg.br,https://sapl.palmas.to.leg.br/,SAPL parado na legislatura 2021–2024 (câmara trocou de sistema),sistema visto na página da câmara em 09/10/2026: Nexlegis,pendente
camara,sapl.palminopolis.go.leg.br,https://sapl.palminopolis.go.leg.br/,SAPL parado na legislatura 2021–2024 (câmara trocou de sistema),sistema visto na página da câmara em 09/10/2026: Cittatec (plataforma com login),pendente
camara,sapl.pelotas.rs.leg.br,https://sapl.pelotas.rs.leg.br/,SAPL parado na legislatura 2021–2024 (câmara trocou de sistema),sistema visto na página da câmara em 09/10/2026: Cittatec (plataforma com login),pendente
camara,sapl.perdoes.mg.leg.br,https://sapl.perdoes.mg.leg.br/,SAPL parado na legislatura 2021–2024 (câmara trocou de sistema),sistema visto na página da câmara em 09/10/2026: Legislador,pendente
camara,sapl.pimentabueno.ro.leg.br,https://sapl.pimentabueno.ro.leg.br/,SAPL parado na legislatura 2021–2024 (câmara trocou de sistema),sistema visto na página da câmara em 09/10/2026: camara.app / instar,pendente
camara,sapl.pirenopolis.go.leg.br,https://sapl.pirenopolis.go.leg.br/,SAPL parado na legislatura 2021–2024 (câmara trocou de sistema),sistema visto na página da câmara em 09/10/2026: portal próprio no .leg.br (sistema não identificado),pendente
camara,sapl.poranga.ce.leg.br,https://sapl.poranga.ce.leg.br/,SAPL parado na legislatura 2021–2024 (câmara trocou de sistema),sistema visto na página da câmara em 09/10/2026: portal próprio no .leg.br (sistema não identificado),pendente
camara,sapl.praiagrande.sp.leg.br,https://sapl.praiagrande.sp.leg.br/,SAPL parado na legislatura 2021–2024 (câmara trocou de sistema),sistema visto na página da câmara em 09/10/2026: portal próprio no .leg.br (sistema não identificado),pendente
camara,sapl.presidentecastelobranco.pr.leg.br,https://sapl.presidentecastelobranco.pr.leg.br/,SAPL parado na legislatura 2021–2024 (câmara trocou de sistema),sistema visto na página da câmara em 09/10/2026: portal próprio no .leg.br (sistema não identificado),pendente
camara,sapl.queimadanova.pi.leg.br,https://sapl.queimadanova.pi.leg.br/,SAPL parado na legislatura 2021–2024 (câmara trocou de sistema),sistema visto na página da câmara em 09/10/2026: portal próprio no .leg.br (sistema não identificado),pendente
camara,sapl.riozinho.rs.leg.br,https://sapl.riozinho.rs.leg.br/,SAPL parado na legislatura 2021–2024 (câmara trocou de sistema),sistema visto na página da câmara em 09/10/2026: Cespro,pendente
camara,sapl.rondaalta.rs.leg.br,https://sapl.rondaalta.rs.leg.br/,SAPL parado na legislatura 2021–2024 (câmara trocou de sistema),sistema visto na página da câmara em 09/10/2026: Cittatec (plataforma com login),pendente
camara,sapl.santacruz.pe.leg.br,https://sapl.santacruz.pe.leg.br/,SAPL parado na legislatura 2021–2024 (câmara trocou de sistema),sistema visto na página da câmara em 09/10/2026: a página ainda cita o SAPL (conferir se há outro endereço),pendente
camara,sapl.santamariadocambuca.pe.leg.br,https://sapl.santamariadocambuca.pe.leg.br/,SAPL parado na legislatura 2021–2024 (câmara trocou de sistema),sistema visto na página da câmara em 09/10/2026: portal próprio no .leg.br (sistema não identificado),pendente
camara,sapl.santanadopiaui.pi.leg.br,https://sapl.santanadopiaui.pi.leg.br/,SAPL parado na legislatura 2021–2024 (câmara trocou de sistema),sistema visto na página da câmara em 09/10/2026: portal próprio no .leg.br (sistema não identificado),pendente
camara,sapl.santaritadotocantins.to.leg.br,https://sapl.santaritadotocantins.to.leg.br/,SAPL parado na legislatura 2021–2024 (câmara trocou de sistema),sistema visto na página da câmara em 09/10/2026: portal próprio no .leg.br (sistema não identificado),pendente
camara,sapl.santoantoniodomonte.mg.leg.br,https://sapl.santoantoniodomonte.mg.leg.br/,SAPL parado na legislatura 2021–2024 (câmara trocou de sistema),sistema visto na página da câmara em 09/10/2026: a página ainda cita o SAPL (conferir se há outro endereço),pendente
camara,sapl.saoborja.rs.leg.br,https://sapl.saoborja.rs.leg.br/,SAPL parado na legislatura 2021–2024 (câmara trocou de sistema),sistema visto na página da câmara em 09/10/2026: Cittatec (plataforma com login),pendente
camara,sapl.saojosedavarginha.mg.leg.br,https://sapl.saojosedavarginha.mg.leg.br/,SAPL parado na legislatura 2021–2024 (câmara trocou de sistema),sistema visto na página da câmara em 09/10/2026: a página ainda cita o SAPL (conferir se há outro endereço),pendente
camara,sapl.saomigueldoguama.pa.leg.br,https://sapl.saomigueldoguama.pa.leg.br/,SAPL parado na legislatura 2021–2024 (câmara trocou de sistema),sistema visto na página da câmara em 09/10/2026: CR2 (portal),pendente
camara,sapl.saoraimundodasmangabeiras.ma.leg.br,https://sapl.saoraimundodasmangabeiras.ma.leg.br/,SAPL parado na legislatura 2021–2024 (câmara trocou de sistema),sistema visto na página da câmara em 09/10/2026: a página ainda cita o SAPL (conferir se há outro endereço),pendente
camara,sapl.saosebastiaodaboavista.pa.leg.br,https://sapl.saosebastiaodaboavista.pa.leg.br/,SAPL parado na legislatura 2021–2024 (câmara trocou de sistema),sistema visto na página da câmara em 09/10/2026: a página ainda cita o SAPL (conferir se há outro endereço),pendente
camara,sapl.senadorguiomard.ac.leg.br,https://sapl.senadorguiomard.ac.leg.br/,SAPL parado na legislatura 2021–2024 (câmara trocou de sistema),sistema visto na página da câmara em 09/10/2026: betha,pendente
camara,sapl.tanquedopiaui.pi.leg.br,https://sapl.tanquedopiaui.pi.leg.br/,SAPL parado na legislatura 2021–2024 (câmara trocou de sistema),sistema visto na página da câmara em 09/10/2026: a página ainda cita o SAPL (conferir se há outro endereço),pendente
camara,sapl.tartarugalzinho.ap.leg.br,https://sapl.tartarugalzinho.ap.leg.br/,SAPL parado na legislatura 2021–2024 (câmara trocou de sistema),sistema visto na página da câmara em 09/10/2026: portal próprio no .leg.br (sistema não identificado),pendente
camara,sapl.teofilootoni.mg.leg.br,https://sapl.teofilootoni.mg.leg.br/,SAPL parado na legislatura 2021–2024 (câmara trocou de sistema),sistema visto na página da câmara em 09/10/2026: portal próprio no .leg.br (sistema não identificado),pendente
camara,sapl.uaua.ba.leg.br,https://sapl.uaua.ba.leg.br/,SAPL parado na legislatura 2021–2024 (câmara trocou de sistema),sistema visto na página da câmara em 09/10/2026: portal próprio no .leg.br (sistema não identificado),pendente
camara,sapl.uniao.pi.leg.br,https://sapl.uniao.pi.leg.br/,SAPL parado na legislatura 2021–2024 (câmara trocou de sistema),sistema visto na página da câmara em 09/10/2026: portal próprio no .leg.br (sistema não identificado),pendente
camara,sapl.varjaodeminas.mg.leg.br,https://sapl.varjaodeminas.mg.leg.br/,SAPL parado na legislatura 2021–2024 (câmara trocou de sistema),sistema visto na página da câmara em 09/10/2026: leis municipais,pendente
camara,sapl.vilaflores.rs.leg.br,https://sapl.vilaflores.rs.leg.br/,SAPL parado na legislatura 2021–2024 (câmara trocou de sistema),sistema visto na página da câmara em 09/10/2026: portal próprio no .leg.br (sistema não identificado),pendente
assembleia,PE,https://dadosabertos.alepe.pe.gov.br/,"sem votos, presença e gastos na API",conector ALEPE (deputados e proposições),resolvido parcialmente
assembleia,DF,https://ple.cl.df.gov.br/pleservico/api/public,sem votos e presença na API; verbas só de 8–9 dos 24 deputados,"conector CLDF (deputados, proposições e verbas)",resolvido parcialmente
assembleia,PR,https://webservices.assembleia.pr.leg.br/api/public/,API com certificado HTTPS autoassinado,pedir à ALEP que corrija o certificado (não desligamos a verificação),pendente
assembleia,SC,https://portalelegis.alesc.sc.gov.br/,"portal só em HTML (htmx), sem API nem exportação",conector ALESC (páginas públicas do e-Legis),"resolvido parcialmente (sem votos, presença e gastos)"
assembleia,GO,https://transparencia.al.go.leg.br/dados-abertos,"página de dados abertos montada no navegador, sem links no HTML",reconhecer pelo navegador,pendente
assembleia,RJ/RS/BA/ES/MA/MS/PA/RN/SE/CE/AP,,sem dados abertos achados (levantamento de 09/10/2026),levantamento casa a casa a partir do estudo 'Democracia em Formato JSON' (2025),pendente
