ibge,municipio,uf,url_sapl,motivo,verificado_em
1200450,Senador Guiomard,AC,https://sapl.senadorguiomard.ac.leg.br/,SAPL parado na legislatura 2021-2024: a câmara trocou de sistema (ver data/sistemas_camaras.csv),2026-10-09
1300631,Beruri,AM,https://sapl.beruri.am.leg.br/,SAPL parado na legislatura 2021-2024: a câmara trocou de sistema (ver data/sistemas_camaras.csv),2026-10-09
1600105,Amapá,AP,https://sapl.amapa.ap.leg.br/,SAPL parado na legislatura 2021-2024: a câmara trocou de sistema (ver data/sistemas_camaras.csv),2026-10-09
1600238,Ferreira Gomes,AP,https://sapl.ferreiragomes.ap.leg.br/,SAPL parado na legislatura 2021-2024: a câmara trocou de sistema (ver data/sistemas_camaras.csv),2026-10-09
1600709,Tartarugalzinho,AP,https://sapl.tartarugalzinho.ap.leg.br/,SAPL parado na legislatura 2021-2024: a câmara trocou de sistema (ver data/sistemas_camaras.csv),2026-10-09
2913200,Ibotirama,BA,https://sapl.ibotirama.ba.leg.br/,SAPL parado na legislatura 2021-2024: a câmara trocou de sistema (ver data/sistemas_camaras.csv),2026-10-09
2920403,Manoel Vitorino,BA,https://sapl.manoelvitorino.ba.leg.br/,SAPL parado na legislatura 2021-2024: a câmara trocou de sistema (ver data/sistemas_camaras.csv),2026-10-09
2932002,Uauá,BA,https://sapl.uaua.ba.leg.br/,SAPL parado na legislatura 2021-2024: a câmara trocou de sistema (ver data/sistemas_camaras.csv),2026-10-09
2304459,Fortim,CE,https://sapl.fortim.ce.leg.br/,SAPL parado na legislatura 2021-2024: a câmara trocou de sistema (ver data/sistemas_camaras.csv),2026-10-09
2305902,Ipueiras,CE,https://sapl.ipueiras.ce.leg.br/,SAPL parado na legislatura 2021-2024: a câmara trocou de sistema (ver data/sistemas_camaras.csv),2026-10-09
2306108,Irauçuba,CE,https://sapl.iraucuba.ce.leg.br/,SAPL parado na legislatura 2021-2024: a câmara trocou de sistema (ver data/sistemas_camaras.csv),2026-10-09
2308708,Morada Nova,CE,https://sapl.moradanova.ce.leg.br/,SAPL parado na legislatura 2021-2024: a câmara trocou de sistema (ver data/sistemas_camaras.csv),2026-10-09
2311009,Poranga,CE,https://sapl.poranga.ce.leg.br/,SAPL parado na legislatura 2021-2024: a câmara trocou de sistema (ver data/sistemas_camaras.csv),2026-10-09
3200607,Aracruz,ES,https://sapl.aracruz.es.leg.br/,SAPL parado na legislatura 2021-2024: a câmara trocou de sistema (ver data/sistemas_camaras.csv),2026-10-09
3201209,Cachoeiro de Itapemirim,ES,https://sapl.cachoeirodeitapemirim.es.leg.br/,SAPL parado na legislatura 2021-2024: a câmara trocou de sistema (ver data/sistemas_camaras.csv),2026-10-09
5204904,Campos Belos,GO,https://sapl.camposbelos.go.leg.br/,SAPL parado na legislatura 2021-2024: a câmara trocou de sistema (ver data/sistemas_camaras.csv),2026-10-09
5215900,Palminópolis,GO,https://sapl.palminopolis.go.leg.br/,SAPL parado na legislatura 2021-2024: a câmara trocou de sistema (ver data/sistemas_camaras.csv),2026-10-09
5217302,Pirenópolis,GO,https://sapl.pirenopolis.go.leg.br/,SAPL parado na legislatura 2021-2024: a câmara trocou de sistema (ver data/sistemas_camaras.csv),2026-10-09
2102804,Carolina,MA,https://sapl.carolina.ma.leg.br/,SAPL parado na legislatura 2021-2024: a câmara trocou de sistema (ver data/sistemas_camaras.csv),2026-10-09
2103901,Duque Bacelar,MA,https://sapl.duquebacelar.ma.leg.br/,SAPL parado na legislatura 2021-2024: a câmara trocou de sistema (ver data/sistemas_camaras.csv),2026-10-09
2107456,Olinda Nova do Maranhão,MA,https://sapl.olindanovadomaranhao.ma.leg.br/,SAPL parado na legislatura 2021-2024: a câmara trocou de sistema (ver data/sistemas_camaras.csv),2026-10-09
2111607,São Raimundo das Mangabeiras,MA,https://sapl.saoraimundodasmangabeiras.ma.leg.br/,SAPL parado na legislatura 2021-2024: a câmara trocou de sistema (ver data/sistemas_camaras.csv),2026-10-09
3105103,Bambuí,MG,https://sapl.bambui.mg.leg.br/,SAPL parado na legislatura 2021-2024: a câmara trocou de sistema (ver data/sistemas_camaras.csv),2026-10-09
3124500,Estiva,MG,https://sapl.estiva.mg.leg.br/,SAPL parado na legislatura 2021-2024: a câmara trocou de sistema (ver data/sistemas_camaras.csv),2026-10-09
3127107,Frutal,MG,https://sapl.frutal.mg.leg.br/,SAPL parado na legislatura 2021-2024: a câmara trocou de sistema (ver data/sistemas_camaras.csv),2026-10-09
3132503,Itamarandiba,MG,https://sapl.itamarandiba.mg.leg.br/,SAPL parado na legislatura 2021-2024: a câmara trocou de sistema (ver data/sistemas_camaras.csv),2026-10-09
3149903,Perdões,MG,https://sapl.perdoes.mg.leg.br/,SAPL parado na legislatura 2021-2024: a câmara trocou de sistema (ver data/sistemas_camaras.csv),2026-10-09
3160405,Santo Antônio do Monte,MG,https://sapl.santoantoniodomonte.mg.leg.br/,SAPL parado na legislatura 2021-2024: a câmara trocou de sistema (ver data/sistemas_camaras.csv),2026-10-09
3163102,São José da Varginha,MG,https://sapl.saojosedavarginha.mg.leg.br/,SAPL parado na legislatura 2021-2024: a câmara trocou de sistema (ver data/sistemas_camaras.csv),2026-10-09
3168606,Teófilo Otoni,MG,https://sapl.teofilootoni.mg.leg.br/,SAPL parado na legislatura 2021-2024: a câmara trocou de sistema (ver data/sistemas_camaras.csv),2026-10-09
3170750,Varjão de Minas,MG,https://sapl.varjaodeminas.mg.leg.br/,SAPL parado na legislatura 2021-2024: a câmara trocou de sistema (ver data/sistemas_camaras.csv),2026-10-09
5106000,Nortelândia,MT,https://sapl.nortelandia.mt.leg.br/,SAPL parado na legislatura 2021-2024: a câmara trocou de sistema (ver data/sistemas_camaras.csv),2026-10-09
1501501,Benevides,PA,https://sapl.benevides.pa.leg.br/,SAPL parado na legislatura 2021-2024: a câmara trocou de sistema (ver data/sistemas_camaras.csv),2026-10-09
1507607,São Miguel do Guamá,PA,https://sapl.saomigueldoguama.pa.leg.br/,SAPL parado na legislatura 2021-2024: a câmara trocou de sistema (ver data/sistemas_camaras.csv),2026-10-09
1507706,São Sebastião da Boa Vista,PA,https://sapl.saosebastiaodaboavista.pa.leg.br/,SAPL parado na legislatura 2021-2024: a câmara trocou de sistema (ver data/sistemas_camaras.csv),2026-10-09
2507200,Itatuba,PB,https://sapl.itatuba.pb.leg.br/,SAPL parado na legislatura 2021-2024: a câmara trocou de sistema (ver data/sistemas_camaras.csv),2026-10-09
2612455,Santa Cruz,PE,https://sapl.santacruz.pe.leg.br/,SAPL parado na legislatura 2021-2024: a câmara trocou de sistema (ver data/sistemas_camaras.csv),2026-10-09
2612703,Santa Maria do Cambucá,PE,https://sapl.santamariadocambuca.pe.leg.br/,SAPL parado na legislatura 2021-2024: a câmara trocou de sistema (ver data/sistemas_camaras.csv),2026-10-09
2208650,Queimada Nova,PI,https://sapl.queimadanova.pi.leg.br/,SAPL parado na legislatura 2021-2024: a câmara trocou de sistema (ver data/sistemas_camaras.csv),2026-10-09
2209351,Santana do Piauí,PI,https://sapl.santanadopiaui.pi.leg.br/,SAPL parado na legislatura 2021-2024: a câmara trocou de sistema (ver data/sistemas_camaras.csv),2026-10-09
2210979,Tanque do Piauí,PI,https://sapl.tanquedopiaui.pi.leg.br/,SAPL parado na legislatura 2021-2024: a câmara trocou de sistema (ver data/sistemas_camaras.csv),2026-10-09
2211100,União,PI,https://sapl.uniao.pi.leg.br/,SAPL parado na legislatura 2021-2024: a câmara trocou de sistema (ver data/sistemas_camaras.csv),2026-10-09
4113403,Leópolis,PR,https://sapl.leopolis.pr.leg.br/,SAPL parado na legislatura 2021-2024: a câmara trocou de sistema (ver data/sistemas_camaras.csv),2026-10-09
4120408,Presidente Castelo Branco,PR,https://sapl.presidentecastelobranco.pr.leg.br/,SAPL parado na legislatura 2021-2024: a câmara trocou de sistema (ver data/sistemas_camaras.csv),2026-10-09
1100700,Campo Novo de Rondônia,RO,https://sapl.camponovoderondonia.ro.leg.br/,SAPL parado na legislatura 2021-2024: a câmara trocou de sistema (ver data/sistemas_camaras.csv),2026-10-09
1100189,Pimenta Bueno,RO,https://sapl.pimentabueno.ro.leg.br/,SAPL parado na legislatura 2021-2024: a câmara trocou de sistema (ver data/sistemas_camaras.csv),2026-10-09
4301909,Barra do Ribeiro,RS,https://sapl.barradoribeiro.rs.leg.br/,SAPL parado na legislatura 2021-2024: a câmara trocou de sistema (ver data/sistemas_camaras.csv),2026-10-09
4305124,Cerrito,RS,https://sapl.cerrito.rs.leg.br/,SAPL parado na legislatura 2021-2024: a câmara trocou de sistema (ver data/sistemas_camaras.csv),2026-10-09
4307005,Erechim,RS,https://sapl.erechim.rs.leg.br/,SAPL parado na legislatura 2021-2024: a câmara trocou de sistema (ver data/sistemas_camaras.csv),2026-10-09
4314407,Pelotas,RS,https://sapl.pelotas.rs.leg.br/,SAPL parado na legislatura 2021-2024: a câmara trocou de sistema (ver data/sistemas_camaras.csv),2026-10-09
4315750,Riozinho,RS,https://sapl.riozinho.rs.leg.br/,SAPL parado na legislatura 2021-2024: a câmara trocou de sistema (ver data/sistemas_camaras.csv),2026-10-09
4316105,Ronda Alta,RS,https://sapl.rondaalta.rs.leg.br/,SAPL parado na legislatura 2021-2024: a câmara trocou de sistema (ver data/sistemas_camaras.csv),2026-10-09
4318002,São Borja,RS,https://sapl.saoborja.rs.leg.br/,SAPL parado na legislatura 2021-2024: a câmara trocou de sistema (ver data/sistemas_camaras.csv),2026-10-09
4323309,Vila Flores,RS,https://sapl.vilaflores.rs.leg.br/,SAPL parado na legislatura 2021-2024: a câmara trocou de sistema (ver data/sistemas_camaras.csv),2026-10-09
4202438,Bocaina do Sul,SC,https://sapl.bocainadosul.sc.leg.br/,SAPL parado na legislatura 2021-2024: a câmara trocou de sistema (ver data/sistemas_camaras.csv),2026-10-09
4205704,Garopaba,SC,https://sapl.garopaba.sc.leg.br/,SAPL parado na legislatura 2021-2024: a câmara trocou de sistema (ver data/sistemas_camaras.csv),2026-10-09
4206207,Gravatal,SC,https://sapl.gravatal.sc.leg.br/,SAPL parado na legislatura 2021-2024: a câmara trocou de sistema (ver data/sistemas_camaras.csv),2026-10-09
4207403,Imbuia,SC,https://sapl.imbuia.sc.leg.br/,SAPL parado na legislatura 2021-2024: a câmara trocou de sistema (ver data/sistemas_camaras.csv),2026-10-09
3515194,Espírito Santo do Turvo,SP,https://sapl.espiritosantodoturvo.sp.leg.br/,SAPL parado na legislatura 2021-2024: a câmara trocou de sistema (ver data/sistemas_camaras.csv),2026-10-09
3534708,Ourinhos,SP,https://sapl.ourinhos.sp.leg.br/,SAPL parado na legislatura 2021-2024: a câmara trocou de sistema (ver data/sistemas_camaras.csv),2026-10-09
3541000,Praia Grande,SP,https://sapl.praiagrande.sp.leg.br/,SAPL parado na legislatura 2021-2024: a câmara trocou de sistema (ver data/sistemas_camaras.csv),2026-10-09
1700707,Alvorada,TO,https://sapl.alvorada.to.leg.br/,SAPL parado na legislatura 2021-2024: a câmara trocou de sistema (ver data/sistemas_camaras.csv),2026-10-09
1703867,Cariri do Tocantins,TO,https://sapl.cariridotocantins.to.leg.br/,SAPL parado na legislatura 2021-2024: a câmara trocou de sistema (ver data/sistemas_camaras.csv),2026-10-09
1707652,Figueirópolis,TO,https://sapl.figueiropolis.to.leg.br/,SAPL parado na legislatura 2021-2024: a câmara trocou de sistema (ver data/sistemas_camaras.csv),2026-10-09
1721000,Palmas,TO,https://sapl.palmas.to.leg.br/,SAPL parado na legislatura 2021-2024: a câmara trocou de sistema (ver data/sistemas_camaras.csv),2026-10-09
1718899,Santa Rita do Tocantins,TO,https://sapl.santaritadotocantins.to.leg.br/,SAPL parado na legislatura 2021-2024: a câmara trocou de sistema (ver data/sistemas_camaras.csv),2026-10-09
